id,ra,dec,f606w
0000768,265.177578,-53.67442,16.2573 
0000781,265.177598,-53.674305,15.9794 
